-- Premier League 2025/26 Season - Complete Fixtures (All 38 Matchweeks)
-- SQL script to insert all Premier League fixtures for the 2025/26 season

-- Insert fixtures for Matchweek 1 (15-18 August 2025)
INSERT INTO fixtures (competition, season, match_date, match_time, home_team, away_team, status, matchday, round) VALUES
('Premier League', '2025/26', '2025-08-15', '20:00', 'Liverpool', 'AFC Bournemouth', 'scheduled', 1, 'Matchday 1'),
('Premier League', '2025/26', '2025-08-16', '12:30', 'Aston Villa', 'Newcastle United', 'scheduled', 1, 'Matchday 1'),
('Premier League', '2025/26', '2025-08-16', '15:00', 'Brighton & Hove Albion', 'Fulham', 'scheduled', 1, 'Matchday 1'),
('Premier League', '2025/26', '2025-08-16', '15:00', 'Sunderland', 'West Ham United', 'scheduled', 1, 'Matchday 1'),
('Premier League', '2025/26', '2025-08-16', '15:00', 'Tottenham Hotspur', 'Burnley', 'scheduled', 1, 'Matchday 1'),
('Premier League', '2025/26', '2025-08-16', '17:30', 'Wolverhampton Wanderers', 'Manchester City', 'scheduled', 1, 'Matchday 1'),
('Premier League', '2025/26', '2025-08-17', '14:00', 'Chelsea', 'Crystal Palace', 'scheduled', 1, 'Matchday 1'),
('Premier League', '2025/26', '2025-08-17', '14:00', 'Nottingham Forest', 'Brentford', 'scheduled', 1, 'Matchday 1'),
('Premier League', '2025/26', '2025-08-17', '16:30', 'Manchester United', 'Arsenal', 'scheduled', 1, 'Matchday 1'),
('Premier League', '2025/26', '2025-08-18', '20:00', 'Leeds United', 'Everton', 'scheduled', 1, 'Matchday 1');

-- Insert fixtures for Matchweek 2 (22-25 August 2025)
INSERT INTO fixtures (competition, season, match_date, match_time, home_team, away_team, status, matchday, round) VALUES
('Premier League', '2025/26', '2025-08-22', '20:00', 'West Ham United', 'Chelsea', 'scheduled', 2, 'Matchday 2'),
('Premier League', '2025/26', '2025-08-23', '12:30', 'Manchester City', 'Tottenham Hotspur', 'scheduled', 2, 'Matchday 2'),
('Premier League', '2025/26', '2025-08-23', '15:00', 'AFC Bournemouth', 'Wolverhampton Wanderers', 'scheduled', 2, 'Matchday 2'),
('Premier League', '2025/26', '2025-08-23', '15:00', 'Brentford', 'Aston Villa', 'scheduled', 2, 'Matchday 2'),
('Premier League', '2025/26', '2025-08-23', '15:00', 'Burnley', 'Sunderland', 'scheduled', 2, 'Matchday 2'),
('Premier League', '2025/26', '2025-08-23', '17:30', 'Arsenal', 'Leeds United', 'scheduled', 2, 'Matchday 2'),
('Premier League', '2025/26', '2025-08-24', '14:00', 'Crystal Palace', 'Nottingham Forest', 'scheduled', 2, 'Matchday 2'),
('Premier League', '2025/26', '2025-08-24', '14:00', 'Everton', 'Brighton & Hove Albion', 'scheduled', 2, 'Matchday 2'),
('Premier League', '2025/26', '2025-08-24', '16:30', 'Fulham', 'Manchester United', 'scheduled', 2, 'Matchday 2'),
('Premier League', '2025/26', '2025-08-25', '20:00', 'Newcastle United', 'Liverpool', 'scheduled', 2, 'Matchday 2');

-- Insert fixtures for Matchweek 3 (30-31 August 2025)
INSERT INTO fixtures (competition, season, match_date, match_time, home_team, away_team, status, matchday, round) VALUES
('Premier League', '2025/26', '2025-08-30', '12:30', 'Chelsea', 'Fulham', 'scheduled', 3, 'Matchday 3'),
('Premier League', '2025/26', '2025-08-30', '15:00', 'Manchester United', 'Burnley', 'scheduled', 3, 'Matchday 3'),
('Premier League', '2025/26', '2025-08-30', '15:00', 'Sunderland', 'Brentford', 'scheduled', 3, 'Matchday 3'),
('Premier League', '2025/26', '2025-08-30', '15:00', 'Tottenham Hotspur', 'AFC Bournemouth', 'scheduled', 3, 'Matchday 3'),
('Premier League', '2025/26', '2025-08-30', '15:00', 'Wolverhampton Wanderers', 'Everton', 'scheduled', 3, 'Matchday 3'),
('Premier League', '2025/26', '2025-08-30', '17:30', 'Leeds United', 'Newcastle United', 'scheduled', 3, 'Matchday 3'),
('Premier League', '2025/26', '2025-08-31', '14:00', 'Brighton & Hove Albion', 'Manchester City', 'scheduled', 3, 'Matchday 3'),
('Premier League', '2025/26', '2025-08-31', '14:00', 'Nottingham Forest', 'West Ham United', 'scheduled', 3, 'Matchday 3'),
('Premier League', '2025/26', '2025-08-31', '16:30', 'Liverpool', 'Arsenal', 'scheduled', 3, 'Matchday 3'),
('Premier League', '2025/26', '2025-08-31', '19:00', 'Aston Villa', 'Crystal Palace', 'scheduled', 3, 'Matchday 3');

-- Insert fixtures for Matchweek 4 (13-14 September 2025)
INSERT INTO fixtures (competition, season, match_date, match_time, home_team, away_team, status, matchday, round) VALUES
('Premier League', '2025/26', '2025-09-13', '12:30', 'Arsenal', 'Nottingham Forest', 'scheduled', 4, 'Matchday 4'),
('Premier League', '2025/26', '2025-09-13', '15:00', 'AFC Bournemouth', 'Brighton & Hove Albion', 'scheduled', 4, 'Matchday 4'),
('Premier League', '2025/26', '2025-09-13', '15:00', 'Crystal Palace', 'Sunderland', 'scheduled', 4, 'Matchday 4'),
('Premier League', '2025/26', '2025-09-13', '15:00', 'Everton', 'Aston Villa', 'scheduled', 4, 'Matchday 4'),
('Premier League', '2025/26', '2025-09-13', '15:00', 'Fulham', 'Leeds United', 'scheduled', 4, 'Matchday 4'),
('Premier League', '2025/26', '2025-09-13', '15:00', 'Newcastle United', 'Wolverhampton Wanderers', 'scheduled', 4, 'Matchday 4'),
('Premier League', '2025/26', '2025-09-13', '17:30', 'West Ham United', 'Tottenham Hotspur', 'scheduled', 4, 'Matchday 4'),
('Premier League', '2025/26', '2025-09-13', '20:00', 'Brentford', 'Chelsea', 'scheduled', 4, 'Matchday 4'),
('Premier League', '2025/26', '2025-09-14', '14:00', 'Burnley', 'Liverpool', 'scheduled', 4, 'Matchday 4'),
('Premier League', '2025/26', '2025-09-14', '16:30', 'Manchester City', 'Manchester United', 'scheduled', 4, 'Matchday 4');

-- Insert fixtures for Matchweek 5 (20-21 September 2025)
INSERT INTO fixtures (competition, season, match_date, match_time, home_team, away_team, status, matchday, round) VALUES
('Premier League', '2025/26', '2025-09-20', '12:30', 'Liverpool', 'Everton', 'scheduled', 5, 'Matchday 5'),
('Premier League', '2025/26', '2025-09-20', '15:00', 'AFC Bournemouth', 'Newcastle United', 'scheduled', 5, 'Matchday 5'),
('Premier League', '2025/26', '2025-09-20', '15:00', 'Brighton & Hove Albion', 'Tottenham Hotspur', 'scheduled', 5, 'Matchday 5'),
('Premier League', '2025/26', '2025-09-20', '15:00', 'Burnley', 'Nottingham Forest', 'scheduled', 5, 'Matchday 5'),
('Premier League', '2025/26', '2025-09-20', '15:00', 'West Ham United', 'Crystal Palace', 'scheduled', 5, 'Matchday 5'),
('Premier League', '2025/26', '2025-09-20', '15:00', 'Wolverhampton Wanderers', 'Leeds United', 'scheduled', 5, 'Matchday 5'),
('Premier League', '2025/26', '2025-09-20', '17:30', 'Manchester United', 'Chelsea', 'scheduled', 5, 'Matchday 5'),
('Premier League', '2025/26', '2025-09-20', '20:00', 'Fulham', 'Brentford', 'scheduled', 5, 'Matchday 5'),
('Premier League', '2025/26', '2025-09-21', '14:00', 'Sunderland', 'Aston Villa', 'scheduled', 5, 'Matchday 5'),
('Premier League', '2025/26', '2025-09-21', '16:30', 'Arsenal', 'Manchester City', 'scheduled', 5, 'Matchday 5');

-- Insert fixtures for Matchweek 6 (27-29 September 2025)
INSERT INTO fixtures (competition, season, match_date, match_time, home_team, away_team, status, matchday, round) VALUES
('Premier League', '2025/26', '2025-09-27', '12:30', 'Brentford', 'Manchester United', 'scheduled', 6, 'Matchday 6'),
('Premier League', '2025/26', '2025-09-27', '15:00', 'Aston Villa', 'Fulham', 'scheduled', 6, 'Matchday 6'),
('Premier League', '2025/26', '2025-09-27', '15:00', 'Chelsea', 'Brighton & Hove Albion', 'scheduled', 6, 'Matchday 6'),
('Premier League', '2025/26', '2025-09-27', '15:00', 'Crystal Palace', 'Liverpool', 'scheduled', 6, 'Matchday 6'),
('Premier League', '2025/26', '2025-09-27', '15:00', 'Leeds United', 'AFC Bournemouth', 'scheduled', 6, 'Matchday 6'),
('Premier League', '2025/26', '2025-09-27', '15:00', 'Manchester City', 'Burnley', 'scheduled', 6, 'Matchday 6'),
('Premier League', '2025/26', '2025-09-27', '17:30', 'Nottingham Forest', 'Sunderland', 'scheduled', 6, 'Matchday 6'),
('Premier League', '2025/26', '2025-09-28', '14:00', 'Tottenham Hotspur', 'Wolverhampton Wanderers', 'scheduled', 6, 'Matchday 6'),
('Premier League', '2025/26', '2025-09-28', '16:30', 'Newcastle United', 'Arsenal', 'scheduled', 6, 'Matchday 6'),
('Premier League', '2025/26', '2025-09-29', '20:00', 'Everton', 'West Ham United', 'scheduled', 6, 'Matchday 6');

-- Insert fixtures for Matchweek 7 (3-5 October 2025)
INSERT INTO fixtures (competition, season, match_date, match_time, home_team, away_team, status, matchday, round) VALUES
('Premier League', '2025/26', '2025-10-03', '20:00', 'AFC Bournemouth', 'Fulham', 'scheduled', 7, 'Matchday 7'),
('Premier League', '2025/26', '2025-10-04', '12:30', 'Leeds United', 'Tottenham Hotspur', 'scheduled', 7, 'Matchday 7'),
('Premier League', '2025/26', '2025-10-04', '15:00', 'Arsenal', 'West Ham United', 'scheduled', 7, 'Matchday 7'),
('Premier League', '2025/26', '2025-10-04', '15:00', 'Everton', 'Crystal Palace', 'scheduled', 7, 'Matchday 7'),
('Premier League', '2025/26', '2025-10-04', '15:00', 'Manchester United', 'Sunderland', 'scheduled', 7, 'Matchday 7'),
('Premier League', '2025/26', '2025-10-04', '17:30', 'Chelsea', 'Liverpool', 'scheduled', 7, 'Matchday 7'),
('Premier League', '2025/26', '2025-10-05', '14:00', 'Aston Villa', 'Burnley', 'scheduled', 7, 'Matchday 7'),
('Premier League', '2025/26', '2025-10-05', '14:00', 'Newcastle United', 'Nottingham Forest', 'scheduled', 7, 'Matchday 7'),
('Premier League', '2025/26', '2025-10-05', '14:00', 'Wolverhampton Wanderers', 'Brighton & Hove Albion', 'scheduled', 7, 'Matchday 7'),
('Premier League', '2025/26', '2025-10-05', '16:30', 'Brentford', 'Manchester City', 'scheduled', 7, 'Matchday 7');

-- Insert fixtures for Matchweek 8 (18-20 October 2025)
INSERT INTO fixtures (competition, season, match_date, match_time, home_team, away_team, status, matchday, round) VALUES
('Premier League', '2025/26', '2025-10-18', '12:30', 'Nottingham Forest', 'Chelsea', 'scheduled', 8, 'Matchday 8'),
('Premier League', '2025/26', '2025-10-18', '15:00', 'Brighton & Hove Albion', 'Newcastle United', 'scheduled', 8, 'Matchday 8'),
('Premier League', '2025/26', '2025-10-18', '15:00', 'Burnley', 'Leeds United', 'scheduled', 8, 'Matchday 8'),
('Premier League', '2025/26', '2025-10-18', '15:00', 'Crystal Palace', 'AFC Bournemouth', 'scheduled', 8, 'Matchday 8'),
('Premier League', '2025/26', '2025-10-18', '15:00', 'Manchester City', 'Everton', 'scheduled', 8, 'Matchday 8'),
('Premier League', '2025/26', '2025-10-18', '15:00', 'Sunderland', 'Wolverhampton Wanderers', 'scheduled', 8, 'Matchday 8'),
('Premier League', '2025/26', '2025-10-18', '17:30', 'Fulham', 'Arsenal', 'scheduled', 8, 'Matchday 8'),
('Premier League', '2025/26', '2025-10-19', '14:00', 'Tottenham Hotspur', 'Aston Villa', 'scheduled', 8, 'Matchday 8'),
('Premier League', '2025/26', '2025-10-19', '16:30', 'Liverpool', 'Manchester United', 'scheduled', 8, 'Matchday 8'),
('Premier League', '2025/26', '2025-10-20', '20:00', 'West Ham United', 'Brentford', 'scheduled', 8, 'Matchday 8');

-- Insert fixtures for Matchweek 9 (24-26 October 2025)
INSERT INTO fixtures (competition, season, match_date, match_time, home_team, away_team, status, matchday, round) VALUES
('Premier League', '2025/26', '2025-10-24', '20:00', 'Leeds United', 'West Ham United', 'scheduled', 9, 'Matchday 9'),
('Premier League', '2025/26', '2025-10-25', '12:30', 'Brentford', 'Liverpool', 'scheduled', 9, 'Matchday 9'),
('Premier League', '2025/26', '2025-10-25', '15:00', 'Arsenal', 'Crystal Palace', 'scheduled', 9, 'Matchday 9'),
('Premier League', '2025/26', '2025-10-25', '15:00', 'Chelsea', 'Sunderland', 'scheduled', 9, 'Matchday 9'),
('Premier League', '2025/26', '2025-10-25', '15:00', 'Newcastle United', 'Fulham', 'scheduled', 9, 'Matchday 9'),
('Premier League', '2025/26', '2025-10-25', '17:30', 'Manchester United', 'Brighton & Hove Albion', 'scheduled', 9, 'Matchday 9'),
('Premier League', '2025/26', '2025-10-26', '14:00', 'AFC Bournemouth', 'Nottingham Forest', 'scheduled', 9, 'Matchday 9'),
('Premier League', '2025/26', '2025-10-26', '14:00', 'Aston Villa', 'Manchester City', 'scheduled', 9, 'Matchday 9'),
('Premier League', '2025/26', '2025-10-26', '14:00', 'Wolverhampton Wanderers', 'Burnley', 'scheduled', 9, 'Matchday 9'),
('Premier League', '2025/26', '2025-10-26', '16:30', 'Everton', 'Tottenham Hotspur', 'scheduled', 9, 'Matchday 9');

-- Insert fixtures for Matchweek 10 (1 November 2025)
INSERT INTO fixtures (competition, season, match_date, match_time, home_team, away_team, status, matchday, round) VALUES
('Premier League', '2025/26', '2025-11-01', '15:00', 'Brighton & Hove Albion', 'Leeds United', 'scheduled', 10, 'Matchday 10'),
('Premier League', '2025/26', '2025-11-01', '15:00', 'Burnley', 'Arsenal', 'scheduled', 10, 'Matchday 10'),
('Premier League', '2025/26', '2025-11-01', '15:00', 'Crystal Palace', 'Brentford', 'scheduled', 10, 'Matchday 10'),
('Premier League', '2025/26', '2025-11-01', '15:00', 'Fulham', 'Wolverhampton Wanderers', 'scheduled', 10, 'Matchday 10'),
('Premier League', '2025/26', '2025-11-01', '15:00', 'Liverpool', 'Aston Villa', 'scheduled', 10, 'Matchday 10'),
('Premier League', '2025/26', '2025-11-01', '15:00', 'Manchester City', 'AFC Bournemouth', 'scheduled', 10, 'Matchday 10'),
('Premier League', '2025/26', '2025-11-01', '15:00', 'Nottingham Forest', 'Manchester United', 'scheduled', 10, 'Matchday 10'),
('Premier League', '2025/26', '2025-11-01', '15:00', 'Sunderland', 'Everton', 'scheduled', 10, 'Matchday 10'),
('Premier League', '2025/26', '2025-11-01', '15:00', 'Tottenham Hotspur', 'Chelsea', 'scheduled', 10, 'Matchday 10'),
('Premier League', '2025/26', '2025-11-01', '15:00', 'West Ham United', 'Newcastle United', 'scheduled', 10, 'Matchday 10');

-- Insert fixtures for Matchweek 11 (8 November 2025)
INSERT INTO fixtures (competition, season, match_date, match_time, home_team, away_team, status, matchday, round) VALUES
('Premier League', '2025/26', '2025-11-08', '15:00', 'Aston Villa', 'AFC Bournemouth', 'scheduled', 11, 'Matchday 11'),
('Premier League', '2025/26', '2025-11-08', '15:00', 'Brentford', 'Newcastle United', 'scheduled', 11, 'Matchday 11'),
('Premier League', '2025/26', '2025-11-08', '15:00', 'Chelsea', 'Wolverhampton Wanderers', 'scheduled', 11, 'Matchday 11'),
('Premier League', '2025/26', '2025-11-08', '15:00', 'Crystal Palace', 'Brighton & Hove Albion', 'scheduled', 11, 'Matchday 11'),
('Premier League', '2025/26', '2025-11-08', '15:00', 'Everton', 'Fulham', 'scheduled', 11, 'Matchday 11'),
('Premier League', '2025/26', '2025-11-08', '15:00', 'Manchester City', 'Liverpool', 'scheduled', 11, 'Matchday 11'),
('Premier League', '2025/26', '2025-11-08', '15:00', 'Nottingham Forest', 'Leeds United', 'scheduled', 11, 'Matchday 11'),
('Premier League', '2025/26', '2025-11-08', '15:00', 'Sunderland', 'Arsenal', 'scheduled', 11, 'Matchday 11'),
('Premier League', '2025/26', '2025-11-08', '15:00', 'Tottenham Hotspur', 'Manchester United', 'scheduled', 11, 'Matchday 11'),
('Premier League', '2025/26', '2025-11-08', '15:00', 'West Ham United', 'Burnley', 'scheduled', 11, 'Matchday 11');

-- Insert fixtures for Matchweek 12 (22 November 2025)
INSERT INTO fixtures (competition, season, match_date, match_time, home_team, away_team, status, matchday, round) VALUES
('Premier League', '2025/26', '2025-11-22', '15:00', 'AFC Bournemouth', 'West Ham United', 'scheduled', 12, 'Matchday 12'),
('Premier League', '2025/26', '2025-11-22', '15:00', 'Arsenal', 'Tottenham Hotspur', 'scheduled', 12, 'Matchday 12'),
('Premier League', '2025/26', '2025-11-22', '15:00', 'Brighton & Hove Albion', 'Brentford', 'scheduled', 12, 'Matchday 12'),
('Premier League', '2025/26', '2025-11-22', '15:00', 'Burnley', 'Chelsea', 'scheduled', 12, 'Matchday 12'),
('Premier League', '2025/26', '2025-11-22', '15:00', 'Fulham', 'Sunderland', 'scheduled', 12, 'Matchday 12'),
('Premier League', '2025/26', '2025-11-22', '15:00', 'Leeds United', 'Aston Villa', 'scheduled', 12, 'Matchday 12'),
('Premier League', '2025/26', '2025-11-22', '15:00', 'Liverpool', 'Nottingham Forest', 'scheduled', 12, 'Matchday 12'),
('Premier League', '2025/26', '2025-11-22', '15:00', 'Manchester United', 'Everton', 'scheduled', 12, 'Matchday 12'),
('Premier League', '2025/26', '2025-11-22', '15:00', 'Newcastle United', 'Manchester City', 'scheduled', 12, 'Matchday 12'),
('Premier League', '2025/26', '2025-11-22', '15:00', 'Wolverhampton Wanderers', 'Crystal Palace', 'scheduled', 12, 'Matchday 12');

-- Insert fixtures for Matchweek 13 (29 November 2025)
INSERT INTO fixtures (competition, season, match_date, match_time, home_team, away_team, status, matchday, round) VALUES
('Premier League', '2025/26', '2025-11-29', '15:00', 'Aston Villa', 'Wolverhampton Wanderers', 'scheduled', 13, 'Matchday 13'),
('Premier League', '2025/26', '2025-11-29', '15:00', 'Brentford', 'Burnley', 'scheduled', 13, 'Matchday 13'),
('Premier League', '2025/26', '2025-11-29', '15:00', 'Chelsea', 'Arsenal', 'scheduled', 13, 'Matchday 13'),
('Premier League', '2025/26', '2025-11-29', '15:00', 'Crystal Palace', 'Manchester United', 'scheduled', 13, 'Matchday 13'),
('Premier League', '2025/26', '2025-11-29', '15:00', 'Everton', 'Newcastle United', 'scheduled', 13, 'Matchday 13'),
('Premier League', '2025/26', '2025-11-29', '15:00', 'Manchester City', 'Leeds United', 'scheduled', 13, 'Matchday 13'),
('Premier League', '2025/26', '2025-11-29', '15:00', 'Nottingham Forest', 'Brighton & Hove Albion', 'scheduled', 13, 'Matchday 13'),
('Premier League', '2025/26', '2025-11-29', '15:00', 'Sunderland', 'AFC Bournemouth', 'scheduled', 13, 'Matchday 13'),
('Premier League', '2025/26', '2025-11-29', '15:00', 'Tottenham Hotspur', 'Fulham', 'scheduled', 13, 'Matchday 13'),
('Premier League', '2025/26', '2025-11-29', '15:00', 'West Ham United', 'Liverpool', 'scheduled', 13, 'Matchday 13');

-- Insert fixtures for Matchweek 14 (3 December 2025)
INSERT INTO fixtures (competition, season, match_date, match_time, home_team, away_team, status, matchday, round) VALUES
('Premier League', '2025/26', '2025-12-03', '15:00', 'AFC Bournemouth', 'Everton', 'scheduled', 14, 'Matchday 14'),
('Premier League', '2025/26', '2025-12-03', '15:00', 'Arsenal', 'Brentford', 'scheduled', 14, 'Matchday 14'),
('Premier League', '2025/26', '2025-12-03', '15:00', 'Brighton & Hove Albion', 'Aston Villa', 'scheduled', 14, 'Matchday 14'),
('Premier League', '2025/26', '2025-12-03', '15:00', 'Burnley', 'Crystal Palace', 'scheduled', 14, 'Matchday 14'),
('Premier League', '2025/26', '2025-12-03', '15:00', 'Fulham', 'Manchester City', 'scheduled', 14, 'Matchday 14'),
('Premier League', '2025/26', '2025-12-03', '15:00', 'Leeds United', 'Chelsea', 'scheduled', 14, 'Matchday 14'),
('Premier League', '2025/26', '2025-12-03', '20:00', 'Liverpool', 'Sunderland', 'scheduled', 14, 'Matchday 14'),
('Premier League', '2025/26', '2025-12-03', '20:00', 'Manchester United', 'West Ham United', 'scheduled', 14, 'Matchday 14'),
('Premier League', '2025/26', '2025-12-03', '15:00', 'Newcastle United', 'Tottenham Hotspur', 'scheduled', 14, 'Matchday 14'),
('Premier League', '2025/26', '2025-12-03', '15:00', 'Wolverhampton Wanderers', 'Nottingham Forest', 'scheduled', 14, 'Matchday 14');

-- Insert fixtures for Matchweek 15 (6 December 2025)
INSERT INTO fixtures (competition, season, match_date, match_time, home_team, away_team, status, matchday, round) VALUES
('Premier League', '2025/26', '2025-12-06', '15:00', 'AFC Bournemouth', 'Chelsea', 'scheduled', 15, 'Matchday 15'),
('Premier League', '2025/26', '2025-12-06', '15:00', 'Aston Villa', 'Arsenal', 'scheduled', 15, 'Matchday 15'),
('Premier League', '2025/26', '2025-12-06', '15:00', 'Brighton & Hove Albion', 'West Ham United', 'scheduled', 15, 'Matchday 15'),
('Premier League', '2025/26', '2025-12-06', '15:00', 'Everton', 'Nottingham Forest', 'scheduled', 15, 'Matchday 15'),
('Premier League', '2025/26', '2025-12-06', '15:00', 'Fulham', 'Crystal Palace', 'scheduled', 15, 'Matchday 15'),
('Premier League', '2025/26', '2025-12-06', '15:00', 'Leeds United', 'Liverpool', 'scheduled', 15, 'Matchday 15'),
('Premier League', '2025/26', '2025-12-06', '15:00', 'Manchester City', 'Sunderland', 'scheduled', 15, 'Matchday 15'),
('Premier League', '2025/26', '2025-12-06', '15:00', 'Newcastle United', 'Burnley', 'scheduled', 15, 'Matchday 15'),
('Premier League', '2025/26', '2025-12-06', '15:00', 'Tottenham Hotspur', 'Brentford', 'scheduled', 15, 'Matchday 15'),
('Premier League', '2025/26', '2025-12-06', '15:00', 'Wolverhampton Wanderers', 'Manchester United', 'scheduled', 15, 'Matchday 15');

-- Insert fixtures for Matchweek 16 (13 December 2025)
INSERT INTO fixtures (competition, season, match_date, match_time, home_team, away_team, status, matchday, round) VALUES
('Premier League', '2025/26', '2025-12-13', '15:00', 'Arsenal', 'Wolverhampton Wanderers', 'scheduled', 16, 'Matchday 16'),
('Premier League', '2025/26', '2025-12-13', '15:00', 'Brentford', 'Leeds United', 'scheduled', 16, 'Matchday 16'),
('Premier League', '2025/26', '2025-12-13', '15:00', 'Burnley', 'Fulham', 'scheduled', 16, 'Matchday 16'),
('Premier League', '2025/26', '2025-12-13', '15:00', 'Chelsea', 'Everton', 'scheduled', 16, 'Matchday 16'),
('Premier League', '2025/26', '2025-12-13', '15:00', 'Crystal Palace', 'Manchester City', 'scheduled', 16, 'Matchday 16'),
('Premier League', '2025/26', '2025-12-13', '15:00', 'Liverpool', 'Brighton & Hove Albion', 'scheduled', 16, 'Matchday 16'),
('Premier League', '2025/26', '2025-12-13', '15:00', 'Manchester United', 'AFC Bournemouth', 'scheduled', 16, 'Matchday 16'),
('Premier League', '2025/26', '2025-12-13', '15:00', 'Nottingham Forest', 'Tottenham Hotspur', 'scheduled', 16, 'Matchday 16'),
('Premier League', '2025/26', '2025-12-13', '15:00', 'Sunderland', 'Newcastle United', 'scheduled', 16, 'Matchday 16'),
('Premier League', '2025/26', '2025-12-13', '15:00', 'West Ham United', 'Aston Villa', 'scheduled', 16, 'Matchday 16');

-- Insert fixtures for Matchweek 17 (20 December 2025)
INSERT INTO fixtures (competition, season, match_date, match_time, home_team, away_team, status, matchday, round) VALUES
('Premier League', '2025/26', '2025-12-20', '15:00', 'AFC Bournemouth', 'Burnley', 'scheduled', 17, 'Matchday 17'),
('Premier League', '2025/26', '2025-12-20', '15:00', 'Aston Villa', 'Manchester United', 'scheduled', 17, 'Matchday 17'),
('Premier League', '2025/26', '2025-12-20', '15:00', 'Brighton & Hove Albion', 'Sunderland', 'scheduled', 17, 'Matchday 17'),
('Premier League', '2025/26', '2025-12-20', '15:00', 'Everton', 'Arsenal', 'scheduled', 17, 'Matchday 17'),
('Premier League', '2025/26', '2025-12-20', '15:00', 'Fulham', 'Nottingham Forest', 'scheduled', 17, 'Matchday 17'),
('Premier League', '2025/26', '2025-12-20', '15:00', 'Leeds United', 'Crystal Palace', 'scheduled', 17, 'Matchday 17'),
('Premier League', '2025/26', '2025-12-20', '15:00', 'Manchester City', 'West Ham United', 'scheduled', 17, 'Matchday 17'),
('Premier League', '2025/26', '2025-12-20', '15:00', 'Newcastle United', 'Chelsea', 'scheduled', 17, 'Matchday 17'),
('Premier League', '2025/26', '2025-12-20', '15:00', 'Tottenham Hotspur', 'Liverpool', 'scheduled', 17, 'Matchday 17'),
('Premier League', '2025/26', '2025-12-20', '15:00', 'Wolverhampton Wanderers', 'Brentford', 'scheduled', 17, 'Matchday 17');

-- Insert fixtures for Matchweek 18 (27 December 2025)
INSERT INTO fixtures (competition, season, match_date, match_time, home_team, away_team, status, matchday, round) VALUES
('Premier League', '2025/26', '2025-12-27', '15:00', 'Arsenal', 'Brighton & Hove Albion', 'scheduled', 18, 'Matchday 18'),
('Premier League', '2025/26', '2025-12-27', '15:00', 'Brentford', 'AFC Bournemouth', 'scheduled', 18, 'Matchday 18'),
('Premier League', '2025/26', '2025-12-27', '15:00', 'Burnley', 'Everton', 'scheduled', 18, 'Matchday 18'),
('Premier League', '2025/26', '2025-12-27', '15:00', 'Chelsea', 'Aston Villa', 'scheduled', 18, 'Matchday 18'),
('Premier League', '2025/26', '2025-12-27', '15:00', 'Crystal Palace', 'Tottenham Hotspur', 'scheduled', 18, 'Matchday 18'),
('Premier League', '2025/26', '2025-12-27', '15:00', 'Liverpool', 'Wolverhampton Wanderers', 'scheduled', 18, 'Matchday 18'),
('Premier League', '2025/26', '2025-12-27', '15:00', 'Manchester United', 'Newcastle United', 'scheduled', 18, 'Matchday 18'),
('Premier League', '2025/26', '2025-12-27', '15:00', 'Nottingham Forest', 'Manchester City', 'scheduled', 18, 'Matchday 18'),
('Premier League', '2025/26', '2025-12-27', '15:00', 'Sunderland', 'Leeds United', 'scheduled', 18, 'Matchday 18'),
('Premier League', '2025/26', '2025-12-27', '15:00', 'West Ham United', 'Fulham', 'scheduled', 18, 'Matchday 18');

-- Insert fixtures for Matchweek 19 (30 December 2025)
INSERT INTO fixtures (competition, season, match_date, match_time, home_team, away_team, status, matchday, round) VALUES
('Premier League', '2025/26', '2025-12-30', '15:00', 'Arsenal', 'Aston Villa', 'scheduled', 19, 'Matchday 19'),
('Premier League', '2025/26', '2025-12-30', '15:00', 'Brentford', 'Tottenham Hotspur', 'scheduled', 19, 'Matchday 19'),
('Premier League', '2025/26', '2025-12-30', '15:00', 'Burnley', 'Newcastle United', 'scheduled', 19, 'Matchday 19'),
('Premier League', '2025/26', '2025-12-30', '15:00', 'Chelsea', 'AFC Bournemouth', 'scheduled', 19, 'Matchday 19'),
('Premier League', '2025/26', '2025-12-30', '15:00', 'Crystal Palace', 'Fulham', 'scheduled', 19, 'Matchday 19'),
('Premier League', '2025/26', '2025-12-30', '15:00', 'Liverpool', 'Leeds United', 'scheduled', 19, 'Matchday 19'),
('Premier League', '2025/26', '2025-12-30', '15:00', 'Manchester United', 'Wolverhampton Wanderers', 'scheduled', 19, 'Matchday 19'),
('Premier League', '2025/26', '2025-12-30', '15:00', 'Nottingham Forest', 'Everton', 'scheduled', 19, 'Matchday 19'),
('Premier League', '2025/26', '2025-12-30', '15:00', 'Sunderland', 'Manchester City', 'scheduled', 19, 'Matchday 19'),
('Premier League', '2025/26', '2025-12-30', '15:00', 'West Ham United', 'Brighton & Hove Albion', 'scheduled', 19, 'Matchday 19');

-- Insert fixtures for Matchweek 20 (3 January 2026)
INSERT INTO fixtures (competition, season, match_date, match_time, home_team, away_team, status, matchday, round) VALUES
('Premier League', '2025/26', '2026-01-03', '15:00', 'AFC Bournemouth', 'Arsenal', 'scheduled', 20, 'Matchday 20'),
('Premier League', '2025/26', '2026-01-03', '15:00', 'Aston Villa', 'Nottingham Forest', 'scheduled', 20, 'Matchday 20'),
('Premier League', '2025/26', '2026-01-03', '15:00', 'Brighton & Hove Albion', 'Burnley', 'scheduled', 20, 'Matchday 20'),
('Premier League', '2025/26', '2026-01-03', '15:00', 'Everton', 'Brentford', 'scheduled', 20, 'Matchday 20'),
('Premier League', '2025/26', '2026-01-03', '15:00', 'Fulham', 'Liverpool', 'scheduled', 20, 'Matchday 20'),
('Premier League', '2025/26', '2026-01-03', '15:00', 'Leeds United', 'Manchester United', 'scheduled', 20, 'Matchday 20'),
('Premier League', '2025/26', '2026-01-03', '15:00', 'Manchester City', 'Chelsea', 'scheduled', 20, 'Matchday 20'),
('Premier League', '2025/26', '2026-01-03', '15:00', 'Newcastle United', 'Crystal Palace', 'scheduled', 20, 'Matchday 20'),
('Premier League', '2025/26', '2026-01-03', '15:00', 'Tottenham Hotspur', 'Sunderland', 'scheduled', 20, 'Matchday 20'),
('Premier League', '2025/26', '2026-01-03', '15:00', 'Wolverhampton Wanderers', 'West Ham United', 'scheduled', 20, 'Matchday 20');

-- Insert fixtures for Matchweek 21 (7 January 2026)
INSERT INTO fixtures (competition, season, match_date, match_time, home_team, away_team, status, matchday, round) VALUES
('Premier League', '2025/26', '2026-01-07', '15:00', 'AFC Bournemouth', 'Tottenham Hotspur', 'scheduled', 21, 'Matchday 21'),
('Premier League', '2025/26', '2026-01-07', '15:00', 'Arsenal', 'Liverpool', 'scheduled', 21, 'Matchday 21'),
('Premier League', '2025/26', '2026-01-07', '15:00', 'Brentford', 'Sunderland', 'scheduled', 21, 'Matchday 21'),
('Premier League', '2025/26', '2026-01-07', '15:00', 'Burnley', 'Manchester United', 'scheduled', 21, 'Matchday 21'),
('Premier League', '2025/26', '2026-01-07', '20:00', 'Crystal Palace', 'Aston Villa', 'scheduled', 21, 'Matchday 21'),
('Premier League', '2025/26', '2026-01-07', '15:00', 'Everton', 'Wolverhampton Wanderers', 'scheduled', 21, 'Matchday 21'),
('Premier League', '2025/26', '2026-01-07', '15:00', 'Fulham', 'Chelsea', 'scheduled', 21, 'Matchday 21'),
('Premier League', '2025/26', '2026-01-07', '20:00', 'Manchester City', 'Brighton & Hove Albion', 'scheduled', 21, 'Matchday 21'),
('Premier League', '2025/26', '2026-01-07', '15:00', 'Newcastle United', 'Leeds United', 'scheduled', 21, 'Matchday 21'),
('Premier League', '2025/26', '2026-01-07', '15:00', 'West Ham United', 'Nottingham Forest', 'scheduled', 21, 'Matchday 21');

-- Insert fixtures for Matchweek 22 (17 January 2026)
INSERT INTO fixtures (competition, season, match_date, match_time, home_team, away_team, status, matchday, round) VALUES
('Premier League', '2025/26', '2026-01-17', '15:00', 'Aston Villa', 'Everton', 'scheduled', 22, 'Matchday 22'),
('Premier League', '2025/26', '2026-01-17', '15:00', 'Brighton & Hove Albion', 'AFC Bournemouth', 'scheduled', 22, 'Matchday 22'),
('Premier League', '2025/26', '2026-01-17', '15:00', 'Chelsea', 'Brentford', 'scheduled', 22, 'Matchday 22'),
('Premier League', '2025/26', '2026-01-17', '15:00', 'Leeds United', 'Fulham', 'scheduled', 22, 'Matchday 22'),
('Premier League', '2025/26', '2026-01-17', '15:00', 'Liverpool', 'Burnley', 'scheduled', 22, 'Matchday 22'),
('Premier League', '2025/26', '2026-01-17', '15:00', 'Manchester United', 'Manchester City', 'scheduled', 22, 'Matchday 22'),
('Premier League', '2025/26', '2026-01-17', '15:00', 'Nottingham Forest', 'Arsenal', 'scheduled', 22, 'Matchday 22'),
('Premier League', '2025/26', '2026-01-17', '15:00', 'Sunderland', 'Crystal Palace', 'scheduled', 22, 'Matchday 22'),
('Premier League', '2025/26', '2026-01-17', '15:00', 'Tottenham Hotspur', 'West Ham United', 'scheduled', 22, 'Matchday 22'),
('Premier League', '2025/26', '2026-01-17', '15:00', 'Wolverhampton Wanderers', 'Newcastle United', 'scheduled', 22, 'Matchday 22');

-- Insert fixtures for Matchweek 23 (24 January 2026)
INSERT INTO fixtures (competition, season, match_date, match_time, home_team, away_team, status, matchday, round) VALUES
('Premier League', '2025/26', '2026-01-24', '15:00', 'AFC Bournemouth', 'Liverpool', 'scheduled', 23, 'Matchday 23'),
('Premier League', '2025/26', '2026-01-24', '15:00', 'Arsenal', 'Manchester United', 'scheduled', 23, 'Matchday 23'),
('Premier League', '2025/26', '2026-01-24', '15:00', 'Brentford', 'Nottingham Forest', 'scheduled', 23, 'Matchday 23'),
('Premier League', '2025/26', '2026-01-24', '15:00', 'Burnley', 'Tottenham Hotspur', 'scheduled', 23, 'Matchday 23'),
('Premier League', '2025/26', '2026-01-24', '15:00', 'Crystal Palace', 'Chelsea', 'scheduled', 23, 'Matchday 23'),
('Premier League', '2025/26', '2026-01-24', '15:00', 'Everton', 'Leeds United', 'scheduled', 23, 'Matchday 23'),
('Premier League', '2025/26', '2026-01-24', '15:00', 'Fulham', 'Brighton & Hove Albion', 'scheduled', 23, 'Matchday 23'),
('Premier League', '2025/26', '2026-01-24', '15:00', 'Manchester City', 'Wolverhampton Wanderers', 'scheduled', 23, 'Matchday 23'),
('Premier League', '2025/26', '2026-01-24', '15:00', 'Newcastle United', 'Aston Villa', 'scheduled', 23, 'Matchday 23'),
('Premier League', '2025/26', '2026-01-24', '15:00', 'West Ham United', 'Sunderland', 'scheduled', 23, 'Matchday 23');

-- Insert fixtures for Matchweek 24 (31 January 2026)
INSERT INTO fixtures (competition, season, match_date, match_time, home_team, away_team, status, matchday, round) VALUES
('Premier League', '2025/26', '2026-01-31', '15:00', 'Aston Villa', 'Brentford', 'scheduled', 24, 'Matchday 24'),
('Premier League', '2025/26', '2026-01-31', '15:00', 'Brighton & Hove Albion', 'Everton', 'scheduled', 24, 'Matchday 24'),
('Premier League', '2025/26', '2026-01-31', '15:00', 'Chelsea', 'West Ham United', 'scheduled', 24, 'Matchday 24'),
('Premier League', '2025/26', '2026-01-31', '15:00', 'Leeds United', 'Arsenal', 'scheduled', 24, 'Matchday 24'),
('Premier League', '2025/26', '2026-01-31', '15:00', 'Liverpool', 'Newcastle United', 'scheduled', 24, 'Matchday 24'),
('Premier League', '2025/26', '2026-01-31', '15:00', 'Manchester United', 'Fulham', 'scheduled', 24, 'Matchday 24'),
('Premier League', '2025/26', '2026-01-31', '15:00', 'Nottingham Forest', 'Crystal Palace', 'scheduled', 24, 'Matchday 24'),
('Premier League', '2025/26', '2026-01-31', '15:00', 'Sunderland', 'Burnley', 'scheduled', 24, 'Matchday 24'),
('Premier League', '2025/26', '2026-01-31', '15:00', 'Tottenham Hotspur', 'Manchester City', 'scheduled', 24, 'Matchday 24'),
('Premier League', '2025/26', '2026-01-31', '15:00', 'Wolverhampton Wanderers', 'AFC Bournemouth', 'scheduled', 24, 'Matchday 24');

-- Insert fixtures for Matchweek 25 (7 February 2026)
INSERT INTO fixtures (competition, season, match_date, match_time, home_team, away_team, status, matchday, round) VALUES
('Premier League', '2025/26', '2026-02-07', '15:00', 'AFC Bournemouth', 'Aston Villa', 'scheduled', 25, 'Matchday 25'),
('Premier League', '2025/26', '2026-02-07', '15:00', 'Arsenal', 'Sunderland', 'scheduled', 25, 'Matchday 25'),
('Premier League', '2025/26', '2026-02-07', '15:00', 'Brighton & Hove Albion', 'Crystal Palace', 'scheduled', 25, 'Matchday 25'),
('Premier League', '2025/26', '2026-02-07', '15:00', 'Burnley', 'West Ham United', 'scheduled', 25, 'Matchday 25'),
('Premier League', '2025/26', '2026-02-07', '15:00', 'Fulham', 'Everton', 'scheduled', 25, 'Matchday 25'),
('Premier League', '2025/26', '2026-02-07', '15:00', 'Leeds United', 'Nottingham Forest', 'scheduled', 25, 'Matchday 25'),
('Premier League', '2025/26', '2026-02-07', '15:00', 'Liverpool', 'Manchester City', 'scheduled', 25, 'Matchday 25'),
('Premier League', '2025/26', '2026-02-07', '15:00', 'Manchester United', 'Tottenham Hotspur', 'scheduled', 25, 'Matchday 25'),
('Premier League', '2025/26', '2026-02-07', '15:00', 'Newcastle United', 'Brentford', 'scheduled', 25, 'Matchday 25'),
('Premier League', '2025/26', '2026-02-07', '15:00', 'Wolverhampton Wanderers', 'Chelsea', 'scheduled', 25, 'Matchday 25');

-- Insert fixtures for Matchweek 26 (11 February 2026)
INSERT INTO fixtures (competition, season, match_date, match_time, home_team, away_team, status, matchday, round) VALUES
('Premier League', '2025/26', '2026-02-11', '20:00', 'Aston Villa', 'Brighton & Hove Albion', 'scheduled', 26, 'Matchday 26'),
('Premier League', '2025/26', '2026-02-11', '15:00', 'Brentford', 'Arsenal', 'scheduled', 26, 'Matchday 26'),
('Premier League', '2025/26', '2026-02-11', '15:00', 'Chelsea', 'Leeds United', 'scheduled', 26, 'Matchday 26'),
('Premier League', '2025/26', '2026-02-11', '20:00', 'Crystal Palace', 'Burnley', 'scheduled', 26, 'Matchday 26'),
('Premier League', '2025/26', '2026-02-11', '15:00', 'Everton', 'AFC Bournemouth', 'scheduled', 26, 'Matchday 26'),
('Premier League', '2025/26', '2026-02-11', '20:00', 'Manchester City', 'Fulham', 'scheduled', 26, 'Matchday 26'),
('Premier League', '2025/26', '2026-02-11', '15:00', 'Nottingham Forest', 'Wolverhampton Wanderers', 'scheduled', 26, 'Matchday 26'),
('Premier League', '2025/26', '2026-02-11', '15:00', 'Sunderland', 'Liverpool', 'scheduled', 26, 'Matchday 26'),
('Premier League', '2025/26', '2026-02-11', '15:00', 'Tottenham Hotspur', 'Newcastle United', 'scheduled', 26, 'Matchday 26'),
('Premier League', '2025/26', '2026-02-11', '15:00', 'West Ham United', 'Manchester United', 'scheduled', 26, 'Matchday 26');

-- Insert fixtures for Matchweek 27 (21 February 2026)
INSERT INTO fixtures (competition, season, match_date, match_time, home_team, away_team, status, matchday, round) VALUES
('Premier League', '2025/26', '2026-02-21', '15:00', 'Aston Villa', 'Leeds United', 'scheduled', 27, 'Matchday 27'),
('Premier League', '2025/26', '2026-02-21', '15:00', 'Brentford', 'Brighton & Hove Albion', 'scheduled', 27, 'Matchday 27'),
('Premier League', '2025/26', '2026-02-21', '15:00', 'Chelsea', 'Burnley', 'scheduled', 27, 'Matchday 27'),
('Premier League', '2025/26', '2026-02-21', '15:00', 'Crystal Palace', 'Wolverhampton Wanderers', 'scheduled', 27, 'Matchday 27'),
('Premier League', '2025/26', '2026-02-21', '15:00', 'Everton', 'Manchester United', 'scheduled', 27, 'Matchday 27'),
('Premier League', '2025/26', '2026-02-21', '15:00', 'Manchester City', 'Newcastle United', 'scheduled', 27, 'Matchday 27'),
('Premier League', '2025/26', '2026-02-21', '15:00', 'Nottingham Forest', 'Liverpool', 'scheduled', 27, 'Matchday 27'),
('Premier League', '2025/26', '2026-02-21', '15:00', 'Sunderland', 'Fulham', 'scheduled', 27, 'Matchday 27'),
('Premier League', '2025/26', '2026-02-21', '15:00', 'Tottenham Hotspur', 'Arsenal', 'scheduled', 27, 'Matchday 27'),
('Premier League', '2025/26', '2026-02-21', '15:00', 'West Ham United', 'AFC Bournemouth', 'scheduled', 27, 'Matchday 27');

-- Insert fixtures for Matchweek 28 (28 February 2026)
INSERT INTO fixtures (competition, season, match_date, match_time, home_team, away_team, status, matchday, round) VALUES
('Premier League', '2025/26', '2026-02-28', '15:00', 'AFC Bournemouth', 'Sunderland', 'scheduled', 28, 'Matchday 28'),
('Premier League', '2025/26', '2026-02-28', '15:00', 'Arsenal', 'Chelsea', 'scheduled', 28, 'Matchday 28'),
('Premier League', '2025/26', '2026-02-28', '15:00', 'Brighton & Hove Albion', 'Nottingham Forest', 'scheduled', 28, 'Matchday 28'),
('Premier League', '2025/26', '2026-02-28', '15:00', 'Burnley', 'Brentford', 'scheduled', 28, 'Matchday 28'),
('Premier League', '2025/26', '2026-02-28', '15:00', 'Fulham', 'Tottenham Hotspur', 'scheduled', 28, 'Matchday 28'),
('Premier League', '2025/26', '2026-02-28', '15:00', 'Leeds United', 'Manchester City', 'scheduled', 28, 'Matchday 28'),
('Premier League', '2025/26', '2026-02-28', '15:00', 'Liverpool', 'West Ham United', 'scheduled', 28, 'Matchday 28'),
('Premier League', '2025/26', '2026-02-28', '15:00', 'Manchester United', 'Crystal Palace', 'scheduled', 28, 'Matchday 28'),
('Premier League', '2025/26', '2026-02-28', '15:00', 'Newcastle United', 'Everton', 'scheduled', 28, 'Matchday 28'),
('Premier League', '2025/26', '2026-02-28', '15:00', 'Wolverhampton Wanderers', 'Aston Villa', 'scheduled', 28, 'Matchday 28');

-- Insert fixtures for Matchweek 29 (4 March 2026)
INSERT INTO fixtures (competition, season, match_date, match_time, home_team, away_team, status, matchday, round) VALUES
('Premier League', '2025/26', '2026-03-04', '15:00', 'AFC Bournemouth', 'Brentford', 'scheduled', 29, 'Matchday 29'),
('Premier League', '2025/26', '2026-03-04', '20:00', 'Aston Villa', 'Chelsea', 'scheduled', 29, 'Matchday 29'),
('Premier League', '2025/26', '2026-03-04', '15:00', 'Brighton & Hove Albion', 'Arsenal', 'scheduled', 29, 'Matchday 29'),
('Premier League', '2025/26', '2026-03-04', '15:00', 'Everton', 'Burnley', 'scheduled', 29, 'Matchday 29'),
('Premier League', '2025/26', '2026-03-04', '15:00', 'Fulham', 'West Ham United', 'scheduled', 29, 'Matchday 29'),
('Premier League', '2025/26', '2026-03-04', '15:00', 'Leeds United', 'Sunderland', 'scheduled', 29, 'Matchday 29'),
('Premier League', '2025/26', '2026-03-04', '20:00', 'Manchester City', 'Nottingham Forest', 'scheduled', 29, 'Matchday 29'),
('Premier League', '2025/26', '2026-03-04', '15:00', 'Newcastle United', 'Manchester United', 'scheduled', 29, 'Matchday 29'),
('Premier League', '2025/26', '2026-03-04', '15:00', 'Tottenham Hotspur', 'Crystal Palace', 'scheduled', 29, 'Matchday 29'),
('Premier League', '2025/26', '2026-03-04', '15:00', 'Wolverhampton Wanderers', 'Liverpool', 'scheduled', 29, 'Matchday 29');

-- Insert fixtures for Matchweek 30 (14 March 2026)
INSERT INTO fixtures (competition, season, match_date, match_time, home_team, away_team, status, matchday, round) VALUES
('Premier League', '2025/26', '2026-03-14', '15:00', 'Arsenal', 'Everton', 'scheduled', 30, 'Matchday 30'),
('Premier League', '2025/26', '2026-03-14', '15:00', 'Brentford', 'Wolverhampton Wanderers', 'scheduled', 30, 'Matchday 30'),
('Premier League', '2025/26', '2026-03-14', '15:00', 'Burnley', 'AFC Bournemouth', 'scheduled', 30, 'Matchday 30'),
('Premier League', '2025/26', '2026-03-14', '15:00', 'Chelsea', 'Newcastle United', 'scheduled', 30, 'Matchday 30'),
('Premier League', '2025/26', '2026-03-14', '15:00', 'Crystal Palace', 'Leeds United', 'scheduled', 30, 'Matchday 30'),
('Premier League', '2025/26', '2026-03-14', '15:00', 'Liverpool', 'Tottenham Hotspur', 'scheduled', 30, 'Matchday 30'),
('Premier League', '2025/26', '2026-03-14', '15:00', 'Manchester United', 'Aston Villa', 'scheduled', 30, 'Matchday 30'),
('Premier League', '2025/26', '2026-03-14', '15:00', 'Nottingham Forest', 'Fulham', 'scheduled', 30, 'Matchday 30'),
('Premier League', '2025/26', '2026-03-14', '15:00', 'Sunderland', 'Brighton & Hove Albion', 'scheduled', 30, 'Matchday 30'),
('Premier League', '2025/26', '2026-03-14', '15:00', 'West Ham United', 'Manchester City', 'scheduled', 30, 'Matchday 30');

-- Insert fixtures for Matchweek 31 (21 March 2026)
INSERT INTO fixtures (competition, season, match_date, match_time, home_team, away_team, status, matchday, round) VALUES
('Premier League', '2025/26', '2026-03-21', '15:00', 'AFC Bournemouth', 'Manchester United', 'scheduled', 31, 'Matchday 31'),
('Premier League', '2025/26', '2026-03-21', '15:00', 'Aston Villa', 'West Ham United', 'scheduled', 31, 'Matchday 31'),
('Premier League', '2025/26', '2026-03-21', '15:00', 'Brighton & Hove Albion', 'Liverpool', 'scheduled', 31, 'Matchday 31'),
('Premier League', '2025/26', '2026-03-21', '15:00', 'Everton', 'Chelsea', 'scheduled', 31, 'Matchday 31'),
('Premier League', '2025/26', '2026-03-21', '15:00', 'Fulham', 'Burnley', 'scheduled', 31, 'Matchday 31'),
('Premier League', '2025/26', '2026-03-21', '15:00', 'Leeds United', 'Brentford', 'scheduled', 31, 'Matchday 31'),
('Premier League', '2025/26', '2026-03-21', '15:00', 'Manchester City', 'Crystal Palace', 'scheduled', 31, 'Matchday 31'),
('Premier League', '2025/26', '2026-03-21', '15:00', 'Newcastle United', 'Sunderland', 'scheduled', 31, 'Matchday 31'),
('Premier League', '2025/26', '2026-03-21', '15:00', 'Tottenham Hotspur', 'Nottingham Forest', 'scheduled', 31, 'Matchday 31'),
('Premier League', '2025/26', '2026-03-21', '15:00', 'Wolverhampton Wanderers', 'Arsenal', 'scheduled', 31, 'Matchday 31');

-- Insert fixtures for Matchweek 32 (11 April 2026)
INSERT INTO fixtures (competition, season, match_date, match_time, home_team, away_team, status, matchday, round) VALUES
('Premier League', '2025/26', '2026-04-11', '15:00', 'Arsenal', 'AFC Bournemouth', 'scheduled', 32, 'Matchday 32'),
('Premier League', '2025/26', '2026-04-11', '15:00', 'Brentford', 'Everton', 'scheduled', 32, 'Matchday 32'),
('Premier League', '2025/26', '2026-04-11', '15:00', 'Burnley', 'Brighton & Hove Albion', 'scheduled', 32, 'Matchday 32'),
('Premier League', '2025/26', '2026-04-11', '15:00', 'Chelsea', 'Manchester City', 'scheduled', 32, 'Matchday 32'),
('Premier League', '2025/26', '2026-04-11', '15:00', 'Crystal Palace', 'Newcastle United', 'scheduled', 32, 'Matchday 32'),
('Premier League', '2025/26', '2026-04-11', '15:00', 'Liverpool', 'Fulham', 'scheduled', 32, 'Matchday 32'),
('Premier League', '2025/26', '2026-04-11', '15:00', 'Manchester United', 'Leeds United', 'scheduled', 32, 'Matchday 32'),
('Premier League', '2025/26', '2026-04-11', '15:00', 'Nottingham Forest', 'Aston Villa', 'scheduled', 32, 'Matchday 32'),
('Premier League', '2025/26', '2026-04-11', '15:00', 'Sunderland', 'Tottenham Hotspur', 'scheduled', 32, 'Matchday 32'),
('Premier League', '2025/26', '2026-04-11', '15:00', 'West Ham United', 'Wolverhampton Wanderers', 'scheduled', 32, 'Matchday 32');

-- Insert fixtures for Matchweek 33 (18 April 2026)
INSERT INTO fixtures (competition, season, match_date, match_time, home_team, away_team, status, matchday, round) VALUES
('Premier League', '2025/26', '2026-04-18', '15:00', 'Aston Villa', 'Sunderland', 'scheduled', 33, 'Matchday 33'),
('Premier League', '2025/26', '2026-04-18', '15:00', 'Brentford', 'Fulham', 'scheduled', 33, 'Matchday 33'),
('Premier League', '2025/26', '2026-04-18', '15:00', 'Chelsea', 'Manchester United', 'scheduled', 33, 'Matchday 33'),
('Premier League', '2025/26', '2026-04-18', '15:00', 'Crystal Palace', 'West Ham United', 'scheduled', 33, 'Matchday 33'),
('Premier League', '2025/26', '2026-04-18', '15:00', 'Everton', 'Liverpool', 'scheduled', 33, 'Matchday 33'),
('Premier League', '2025/26', '2026-04-18', '15:00', 'Leeds United', 'Wolverhampton Wanderers', 'scheduled', 33, 'Matchday 33'),
('Premier League', '2025/26', '2026-04-18', '15:00', 'Manchester City', 'Arsenal', 'scheduled', 33, 'Matchday 33'),
('Premier League', '2025/26', '2026-04-18', '15:00', 'Newcastle United', 'AFC Bournemouth', 'scheduled', 33, 'Matchday 33'),
('Premier League', '2025/26', '2026-04-18', '15:00', 'Nottingham Forest', 'Burnley', 'scheduled', 33, 'Matchday 33'),
('Premier League', '2025/26', '2026-04-18', '15:00', 'Tottenham Hotspur', 'Brighton & Hove Albion', 'scheduled', 33, 'Matchday 33');

-- Insert fixtures for Matchweek 34 (25 April 2026)
INSERT INTO fixtures (competition, season, match_date, match_time, home_team, away_team, status, matchday, round) VALUES
('Premier League', '2025/26', '2026-04-25', '15:00', 'AFC Bournemouth', 'Leeds United', 'scheduled', 34, 'Matchday 34'),
('Premier League', '2025/26', '2026-04-25', '15:00', 'Arsenal', 'Newcastle United', 'scheduled', 34, 'Matchday 34'),
('Premier League', '2025/26', '2026-04-25', '15:00', 'Brighton & Hove Albion', 'Chelsea', 'scheduled', 34, 'Matchday 34'),
('Premier League', '2025/26', '2026-04-25', '15:00', 'Burnley', 'Manchester City', 'scheduled', 34, 'Matchday 34'),
('Premier League', '2025/26', '2026-04-25', '15:00', 'Fulham', 'Aston Villa', 'scheduled', 34, 'Matchday 34'),
('Premier League', '2025/26', '2026-04-25', '15:00', 'Liverpool', 'Crystal Palace', 'scheduled', 34, 'Matchday 34'),
('Premier League', '2025/26', '2026-04-25', '15:00', 'Manchester United', 'Brentford', 'scheduled', 34, 'Matchday 34'),
('Premier League', '2025/26', '2026-04-25', '15:00', 'Sunderland', 'Nottingham Forest', 'scheduled', 34, 'Matchday 34'),
('Premier League', '2025/26', '2026-04-25', '15:00', 'West Ham United', 'Everton', 'scheduled', 34, 'Matchday 34'),
('Premier League', '2025/26', '2026-04-25', '15:00', 'Wolverhampton Wanderers', 'Tottenham Hotspur', 'scheduled', 34, 'Matchday 34');

-- Insert fixtures for Matchweek 35 (2 May 2026)
INSERT INTO fixtures (competition, season, match_date, match_time, home_team, away_team, status, matchday, round) VALUES
('Premier League', '2025/26', '2026-05-02', '15:00', 'AFC Bournemouth', 'Crystal Palace', 'scheduled', 35, 'Matchday 35'),
('Premier League', '2025/26', '2026-05-02', '15:00', 'Arsenal', 'Fulham', 'scheduled', 35, 'Matchday 35'),
('Premier League', '2025/26', '2026-05-02', '15:00', 'Aston Villa', 'Tottenham Hotspur', 'scheduled', 35, 'Matchday 35'),
('Premier League', '2025/26', '2026-05-02', '15:00', 'Brentford', 'West Ham United', 'scheduled', 35, 'Matchday 35'),
('Premier League', '2025/26', '2026-05-02', '15:00', 'Chelsea', 'Nottingham Forest', 'scheduled', 35, 'Matchday 35'),
('Premier League', '2025/26', '2026-05-02', '15:00', 'Everton', 'Manchester City', 'scheduled', 35, 'Matchday 35'),
('Premier League', '2025/26', '2026-05-02', '15:00', 'Leeds United', 'Burnley', 'scheduled', 35, 'Matchday 35'),
('Premier League', '2025/26', '2026-05-02', '15:00', 'Manchester United', 'Liverpool', 'scheduled', 35, 'Matchday 35'),
('Premier League', '2025/26', '2026-05-02', '15:00', 'Newcastle United', 'Brighton & Hove Albion', 'scheduled', 35, 'Matchday 35'),
('Premier League', '2025/26', '2026-05-02', '15:00', 'Wolverhampton Wanderers', 'Sunderland', 'scheduled', 35, 'Matchday 35');

-- Insert fixtures for Matchweek 36 (9 May 2026)
INSERT INTO fixtures (competition, season, match_date, match_time, home_team, away_team, status, matchday, round) VALUES
('Premier League', '2025/26', '2026-05-09', '15:00', 'Brighton & Hove Albion', 'Wolverhampton Wanderers', 'scheduled', 36, 'Matchday 36'),
('Premier League', '2025/26', '2026-05-09', '15:00', 'Burnley', 'Aston Villa', 'scheduled', 36, 'Matchday 36'),
('Premier League', '2025/26', '2026-05-09', '15:00', 'Crystal Palace', 'Everton', 'scheduled', 36, 'Matchday 36'),
('Premier League', '2025/26', '2026-05-09', '15:00', 'Fulham', 'AFC Bournemouth', 'scheduled', 36, 'Matchday 36'),
('Premier League', '2025/26', '2026-05-09', '15:00', 'Liverpool', 'Chelsea', 'scheduled', 36, 'Matchday 36'),
('Premier League', '2025/26', '2026-05-09', '15:00', 'Manchester City', 'Brentford', 'scheduled', 36, 'Matchday 36'),
('Premier League', '2025/26', '2026-05-09', '15:00', 'Nottingham Forest', 'Newcastle United', 'scheduled', 36, 'Matchday 36'),
('Premier League', '2025/26', '2026-05-09', '15:00', 'Sunderland', 'Manchester United', 'scheduled', 36, 'Matchday 36'),
('Premier League', '2025/26', '2026-05-09', '15:00', 'Tottenham Hotspur', 'Leeds United', 'scheduled', 36, 'Matchday 36'),
('Premier League', '2025/26', '2026-05-09', '15:00', 'West Ham United', 'Arsenal', 'scheduled', 36, 'Matchday 36');

-- Insert fixtures for Matchweek 37 (17 May 2026)
INSERT INTO fixtures (competition, season, match_date, match_time, home_team, away_team, status, matchday, round) VALUES
('Premier League', '2025/26', '2026-05-17', '15:00', 'AFC Bournemouth', 'Manchester City', 'scheduled', 37, 'Matchday 37'),
('Premier League', '2025/26', '2026-05-17', '15:00', 'Arsenal', 'Burnley', 'scheduled', 37, 'Matchday 37'),
('Premier League', '2025/26', '2026-05-17', '15:00', 'Aston Villa', 'Liverpool', 'scheduled', 37, 'Matchday 37'),
('Premier League', '2025/26', '2026-05-17', '15:00', 'Brentford', 'Crystal Palace', 'scheduled', 37, 'Matchday 37'),
('Premier League', '2025/26', '2026-05-17', '15:00', 'Chelsea', 'Tottenham Hotspur', 'scheduled', 37, 'Matchday 37'),
('Premier League', '2025/26', '2026-05-17', '15:00', 'Everton', 'Sunderland', 'scheduled', 37, 'Matchday 37'),
('Premier League', '2025/26', '2026-05-17', '15:00', 'Leeds United', 'Brighton & Hove Albion', 'scheduled', 37, 'Matchday 37'),
('Premier League', '2025/26', '2026-05-17', '15:00', 'Manchester United', 'Nottingham Forest', 'scheduled', 37, 'Matchday 37'),
('Premier League', '2025/26', '2026-05-17', '15:00', 'Newcastle United', 'West Ham United', 'scheduled', 37, 'Matchday 37'),
('Premier League', '2025/26', '2026-05-17', '15:00', 'Wolverhampton Wanderers', 'Fulham', 'scheduled', 37, 'Matchday 37');

-- Insert fixtures for Matchweek 38 - Final Matchday (24 May 2026)
INSERT INTO fixtures (competition, season, match_date, match_time, home_team, away_team, status, matchday, round) VALUES
('Premier League', '2025/26', '2026-05-24', '15:00', 'Brighton & Hove Albion', 'Manchester United', 'scheduled', 38, 'Matchday 38'),
('Premier League', '2025/26', '2026-05-24', '15:00', 'Burnley', 'Wolverhampton Wanderers', 'scheduled', 38, 'Matchday 38'),
('Premier League', '2025/26', '2026-05-24', '15:00', 'Crystal Palace', 'Arsenal', 'scheduled', 38, 'Matchday 38'),
('Premier League', '2025/26', '2026-05-24', '15:00', 'Fulham', 'Newcastle United', 'scheduled', 38, 'Matchday 38'),
('Premier League', '2025/26', '2026-05-24', '15:00', 'Liverpool', 'Brentford', 'scheduled', 38, 'Matchday 38'),
('Premier League', '2025/26', '2026-05-24', '15:00', 'Manchester City', 'Aston Villa', 'scheduled', 38, 'Matchday 38'),
('Premier League', '2025/26', '2026-05-24', '15:00', 'Nottingham Forest', 'AFC Bournemouth', 'scheduled', 38, 'Matchday 38'),
('Premier League', '2025/26', '2026-05-24', '15:00', 'Sunderland', 'Chelsea', 'scheduled', 38, 'Matchday 38'),
('Premier League', '2025/26', '2026-05-24', '15:00', 'Tottenham Hotspur', 'Everton', 'scheduled', 38, 'Matchday 38'),
('Premier League', '2025/26', '2026-05-24', '15:00', 'West Ham United', 'Leeds United', 'scheduled', 38, 'Matchday 38');

-- End of Premier League 2025/26 Season Fixtures
-- Total fixtures: 380 (38 matchweeks  10 fixtures per matchweek)
-- Season runs from 15 August 2025 to 24 May 2026
